{
  "type": "shaker",
  "neverRecomputeExistingPartitions": false,
  "optionalDependencies": false,
  "params": {
    "engineType": "DSS",
    "engineParams": {
      "spark": {
        "readParams": {
          "mode": "AUTO",
          "autoModeRepartitionInto": 10,
          "map": {
            "web_data_all": {
              "repartition": 10
            },
            "CLVCODINGSHORT.web_data_all": {
              "repartition": 10
            },
            "web_data_all_prepared": {
              "repartition": 10
            },
            "DATASCIQS.web_data_all": {
              "repartition": 10
            },
            "QSDATASCIFINAL.web_data_all": {
              "repartition": 10
            },
            "QS_DATASCI_.web_data_all": {
              "repartition": 10
            },
            "COPYOFDATASCIENTISTQUICKSTART.web_data_all": {
              "repartition": 10
            },
            "web_data": {
              "repartition": 10
            }
          }
        },
        "useGlobalMetastore": false,
        "useNativeProcessors": true,
        "sparkConfig": {
          "inheritConf": "default",
          "conf": []
        },
        "executionEngine": "SPARK_SUBMIT",
        "pipelineAllowStart": true,
        "pipelineAllowMerge": true,
        "skipPrerunValidate": false
      },
      "hive": {
        "inheritConf": "default",
        "hiveconf": [],
        "executionEngine": "HIVECLI_LOCAL",
        "addDkuUdf": false,
        "skipPrerunValidate": false
      },
      "impala": {
        "forceStreamMode": true
      },
      "hadoopConfigKeys": [],
      "sqlPipelineParams": {
        "pipelineAllowStart": true,
        "pipelineAllowMerge": true
      },
      "maxThreads": 8
    }
  },
  "customMeta": {
    "kv": {}
  },
  "redispatchPartitioning": false,
  "maxRunningActivities": 0,
  "variables": {},
  "dkuProperties": [],
  "inputs": {
    "main": {
      "items": [
        {
          "ref": "web_data",
          "deps": []
        }
      ]
    }
  },
  "outputs": {
    "main": {
      "items": [
        {
          "ref": "web_data_prepared",
          "appendMode": false
        }
      ]
    }
  },
  "labels": [],
  "versionTag": {
    "versionNumber": 6,
    "lastModifiedBy": {
      "login": "msakande"
    },
    "lastModifiedOn": 1617972847835
  },
  "creationTag": {
    "versionNumber": 0,
    "lastModifiedBy": {
      "login": "msakande"
    },
    "lastModifiedOn": 1617379060260
  },
  "tags": [],
  "customFields": {},
  "checklists": {
    "checklists": []
  }
}